{"cameraMode":{"drawMode":0,"name":"Shaded","section":"Shading Mode"},"sceneLighting":true,"audioPlay":false,"sceneViewState":{"showFog":false,"showMaterialUpdate":false,"showSkybox":false,"showFlares":false,"showImageEffects":false,"showParticleSystems":false},"in2DMode":false,"pivot":{"x":-0.47245150804519656,"y":0.41765233874320986,"z":1.1249295473098755},"rotation":{"x":-0.23000697791576386,"y":0.28876087069511416,"z":-0.07167830318212509,"w":-0.9265975952148438},"size":1.5894839763641358,"orthographic":false}